case,mdot,Twg_max,margin_sat_min,dp_bar,T_out_C,Q_kW
50 %,0.4,762.5924728693351,45.85822640487879,0.6735972440800257,84.35146773723051,107.44179403440621
50 %,0.6,739.5041558691305,84.24569026037159,1.4597603074609162,64.04393239343949,110.14950966411358
50 %,0.8,725.9769017931426,106.63237613257024,2.5367684658383394,53.543061393135076,111.71908278243627
50 %,1.0,717.0105075827476,120.89217006782326,3.902877771658776,47.125973455145754,112.7578985271173
50 %,1.2,710.6043181150553,130.22696847607614,5.557269170166477,42.8034063760403,113.50078153066721
50 %,1.4,705.7879146158514,136.17173047150595,7.499554384864205,39.7005273547494,114.06011136231565
50 %,1.6,702.0299819656691,139.5120317545622,9.729580484532592,37.37182901720968,114.49710216098944
100 %,0.4,1064.7941732763666,-74.89858683398813,0.6679596219123667,147.67097143296564,214.61225871944248
100 %,0.6,1036.1694352502739,-1.6899147143675464,1.4486463589166663,107.64225916377586,219.84638915463483
100 %,0.8,1018.6581915730474,32.63974366540009,2.5215968593891898,86.77850993582035,222.90388240071087
100 %,1.0,1006.6922909576997,55.843824608940736,3.8848150045388796,73.98722381334642,224.94943670064313
100 %,1.2,997.9519493973978,72.20131883045605,5.5372423062139795,65.3485607985765,226.43267794706813
100 %,1.4,991.269660203654,83.85038034873122,7.4783025746514,59.128356409792104,227.56461496232365
100 %,1.6,985.9867096906544,91.95768718133525,9.707700571440324,54.44167226157248,228.4599479844193
