case,variant,Twg_throat_C,Twc_throat_C,dp_bar,Q_kW
50 %,baseline,442.17721968536046,106.8964344591418,3.902877771658776,112.7578985271173
50 %,bartz +20 %,490.1343625259159,117.68381982923654,3.8985344976936234,131.56586968333414
50 %,bartz -20 %,387.5478562119748,94.7503653305829,3.908251858345009,93.02596226074445
50 %,roughness 40 um,431.4170266492896,87.34583810920083,6.2530367550246275,113.78441228047838
50 %,hot wall 0.6 mm,483.0922666132434,104.21048715258507,3.83878563281734,110.45292958994443
100 %,baseline,731.9822924332531,173.18821003804942,3.8848150045388796,224.94943670064313
100 %,bartz +20 %,804.6701801179635,189.9576931133763,3.883353569627935,261.90870011150616
100 %,bartz -20 %,648.2365526755535,153.86027231489777,3.888308030922641,186.10197593907606
100 %,roughness 40 um,715.602119967066,138.01761519277755,6.2634845404502,227.22631211457065
100 %,hot wall 0.6 mm,795.1483819236925,168.46804658882735,3.8203811252175597,219.86817483086074
